{"extrinsic": [[0.999943139237171, -0.008946674250221562, -0.005803043371535651, 1.5441292976237184], [0.008991773526212936, 0.9999292084527203, 0.007792694782273372, -0.02325028978278826], [0.005732913863368048, -0.007844431335463198, 0.9999527981838234, 2.115601902505018], [0.0, 0.0, 0.0, 1.0]], "intrinsic": [[2087.4761030684967, 0.0, 942.9076736705708], [0.0, 2087.4761030684967, 651.2327433418823], [0.0, 0.0, 1.0]], "file_path": "training/segment-33101359476901423_6720_910_6740_910_with_camera_labels/150792149406172200.jpg", "lane_lines": []}